id,flight_id,registration_id,seat,marks_registration_id,created_at,status
85498141-3128-4ff6-a17f-8e311af1847f,b885ea91-4c33-454d-9810-259ea9e28f40,8b083f32-c448-435c-a5f4-d09e8282f2f1,1,8b083f32-c448-435c-a5f4-d09e8282f2f1,2026-09-20T12:02:47.341153+00:00,active
79747947-ddbf-40ec-81da-e640ff701c92,b885ea91-4c33-454d-9810-259ea9e28f40,45b8d665-670d-4a05-bdd5-f569310e3532,2,45b8d665-670d-4a05-bdd5-f569310e3532,2026-09-20T12:02:47.341153+00:00,active
b6dbcc1e-a8b2-4d0c-ad38-eafdc06325cc,b885ea91-4c33-454d-9810-259ea9e28f40,d724fc19-be19-41e0-b382-5d0601416f4b,3,d724fc19-be19-41e0-b382-5d0601416f4b,2026-09-20T12:02:47.341153+00:00,active
771e040d-dd59-47de-a620-027d36081123,6a5c3f79-dc80-4b86-a744-681088338cf8,19b44c8b-f73c-464f-a197-236cf91f225b,3,5d110f0c-2f85-4f21-bfea-d8a96880f0f4,2026-03-29T14:17:14.84181+00:00,active
310663b7-b140-4c3f-9ddf-d6ff5f0d5457,e27b7943-d629-4ff1-9d1b-ee3e7ed567ed,c0fb8d2a-417b-4d68-918c-fc6d0b9b032c,2,44447724-0d2c-4601-b0c6-e53714d03f63,2026-03-30T16:35:23.145721+00:00,active
bae64f4f-b1aa-4f7f-90f0-26c7509ec251,d94d5956-2262-4585-8b3e-5de1f65312a4,44447724-0d2c-4601-b0c6-e53714d03f63,1,c0fb8d2a-417b-4d68-918c-fc6d0b9b032c,2026-03-30T16:35:23.145721+00:00,active
94393bf0-227e-4020-92cd-ada0c5be0bdc,d94d5956-2262-4585-8b3e-5de1f65312a4,bd565cdc-2b20-4ee1-8358-1c3f10ec8acf,2,fdd25cd4-90fe-4002-b08b-95ff807080ba,2026-03-30T16:35:23.145721+00:00,active
c041e1f5-06f0-4bed-8a80-be6df80a85f2,63a0fed9-f7fb-40ec-9a7d-16fae02f1a9b,5d110f0c-2f85-4f21-bfea-d8a96880f0f4,2,78fb4ed0-ba6c-4b98-a34b-bb8fa7f01091,2026-03-29T14:17:14.84181+00:00,active
e1bff492-e08f-4e5b-88f1-e23140305003,09856454-32dd-4ef6-9366-41294797557d,5d110f0c-2f85-4f21-bfea-d8a96880f0f4,1,78fb4ed0-ba6c-4b98-a34b-bb8fa7f01091,2026-03-30T16:35:23.145721+00:00,active
da8f36d6-49b2-4f52-86d1-e6e4d033f330,be0a41a7-ec45-496f-8f23-d2033c53e1a2,78fb4ed0-ba6c-4b98-a34b-bb8fa7f01091,1,19b44c8b-f73c-464f-a197-236cf91f225b,2026-03-29T14:17:14.84181+00:00,active
42719e35-fbc3-4e77-8363-d8d63b58bc26,ff82293d-2a72-4658-9429-b78fa8875278,78fb4ed0-ba6c-4b98-a34b-bb8fa7f01091,1,19b44c8b-f73c-464f-a197-236cf91f225b,2026-03-30T16:35:23.145721+00:00,active
50e8d432-9978-4244-9208-93204a24c161,6126695b-fff2-43a5-87d7-9669e60cdac9,6df30e92-bdbe-4b70-b4a3-829975e3bdcc,1,6df30e92-bdbe-4b70-b4a3-829975e3bdcc,2026-09-20T12:02:47.341153+00:00,active
246fea8f-f6d7-4f57-8916-eb660f2fe3eb,41c2590e-ea22-44bf-b862-6b8068962a10,47b6392b-6476-4a2b-897e-2347b126ab86,1,5d110f0c-2f85-4f21-bfea-d8a96880f0f4,2026-03-29T14:17:14.84181+00:00,active
d21488a6-0474-46d0-8edc-f97f206817ed,41c2590e-ea22-44bf-b862-6b8068962a10,0d19a809-374b-46bc-ac56-5d1417af6bbf,2,78fb4ed0-ba6c-4b98-a34b-bb8fa7f01091,2026-03-29T14:17:14.84181+00:00,active
f7f7784e-3e5d-48f7-88fa-e13d44a7efaa,41c2590e-ea22-44bf-b862-6b8068962a10,7c4671ff-76ee-4a70-b912-6aa7354774ee,3,19b44c8b-f73c-464f-a197-236cf91f225b,2026-03-29T14:17:14.84181+00:00,active
5b9a4c16-c932-4f7c-b6d3-ef7548e7c9c9,6126695b-fff2-43a5-87d7-9669e60cdac9,bd4c0e3c-0e92-41ac-a62f-ef3d754fe8e9,2,bd4c0e3c-0e92-41ac-a62f-ef3d754fe8e9,2026-09-20T12:02:47.341153+00:00,active
19718f19-95fb-4f2f-9639-d940d5930d14,8e91f459-3a12-4cc7-bbea-73b923bbf590,bd94cb36-8ece-4ac7-81e5-d24a4efb9045,1,bd94cb36-8ece-4ac7-81e5-d24a4efb9045,2026-09-20T12:02:47.341153+00:00,active
3846248c-8dc4-4125-bf5f-7d59194dd48d,8e91f459-3a12-4cc7-bbea-73b923bbf590,f759c844-547b-4332-83ae-1d6bfec0f16f,2,f759c844-547b-4332-83ae-1d6bfec0f16f,2026-09-20T12:02:47.341153+00:00,active
49dfb5e1-5467-47c9-94a4-6f11a51561d9,8e91f459-3a12-4cc7-bbea-73b923bbf590,52cc4e9f-c387-4273-b08d-991f86e8e079,3,52cc4e9f-c387-4273-b08d-991f86e8e079,2026-09-20T12:02:47.341153+00:00,active
2448d01a-a28f-44de-b61e-6a55c323d6c6,db60c7ab-deb7-4ba8-b678-e8f25485e1e8,3b88eb10-8515-40d0-8108-a94529c534cd,2,e1cc61b9-4c31-4d8e-8bee-b567ce5cca28,2026-03-29T14:17:14.84181+00:00,active
bd1fac4b-4f2f-4816-9f77-43bd8f4d0777,c6b1f95b-4b3e-478f-a9db-e7b169a2c730,fdd25cd4-90fe-4002-b08b-95ff807080ba,3,639dca59-1a8d-409a-82c6-584dbb5f34e9,2026-03-29T14:17:14.84181+00:00,active
16453a60-6675-4aa2-825a-98a88c7baf0d,91d6513f-dd27-45e2-8f9c-1b137730b9e1,88a84b7a-b233-4990-93e1-42f9461294c3,1,88a84b7a-b233-4990-93e1-42f9461294c3,2026-09-20T12:02:47.341153+00:00,active
bb4a9a2b-7920-4e9d-a798-d1d47f886fa9,c6b1f95b-4b3e-478f-a9db-e7b169a2c730,639dca59-1a8d-409a-82c6-584dbb5f34e9,1,c3364e8d-93bc-472c-a6ff-b4f68265a4d5,2026-03-29T14:17:14.84181+00:00,active
fd1d93e4-56ff-4b3b-a713-b2805d5d55e0,4b495cdd-e2b8-4cfd-895b-07b474475d94,b0f8374f-c18d-481e-852b-dfa6aa011ac8,2,117030b2-c7c3-4bab-ac1d-2b3b81b2b9d1,2026-03-29T14:17:14.84181+00:00,active
61149c8c-2899-4493-aec9-52a4b56dacfa,db60c7ab-deb7-4ba8-b678-e8f25485e1e8,e1cc61b9-4c31-4d8e-8bee-b567ce5cca28,3,07cfbc31-606f-4838-ba17-578e0720215d,2026-03-29T14:17:14.84181+00:00,active
001d1097-5c00-4411-a6f4-cb4e6e67bc5a,63a0fed9-f7fb-40ec-9a7d-16fae02f1a9b,c0fb8d2a-417b-4d68-918c-fc6d0b9b032c,1,5d110f0c-2f85-4f21-bfea-d8a96880f0f4,2026-03-29T14:17:14.84181+00:00,active
055f8f22-bc02-4c34-9bab-518870c15fa4,4b495cdd-e2b8-4cfd-895b-07b474475d94,6edb8092-3291-45fa-8651-a88b460512ad,1,b0f8374f-c18d-481e-852b-dfa6aa011ac8,2026-03-29T14:17:14.84181+00:00,active
3286f7ed-0e75-49d6-a85b-5592de9dfffc,2761004b-173b-4c68-b8c8-e99fe1fcabd4,ce23d191-feba-4728-82f1-dc3429b95532,2,e5564605-a162-4973-b880-2fa2245b8a54,2026-03-29T14:17:14.84181+00:00,active
bb90903a-9be8-4655-a69d-4c86d1588a8c,df54cb60-0b8e-4a38-adc6-64ba89338295,f88170d0-1f22-42fc-b06f-f43ce3d2c8ff,2,c9c44f56-2b25-4444-be7a-60dcb33140b2,2026-03-29T14:17:14.84181+00:00,active
7683c002-3009-4c25-9c94-51063dbe4913,c6b1f95b-4b3e-478f-a9db-e7b169a2c730,c3364e8d-93bc-472c-a6ff-b4f68265a4d5,2,fdd25cd4-90fe-4002-b08b-95ff807080ba,2026-03-29T14:17:14.84181+00:00,active
0f04068c-a8ff-42a4-a3df-9baef3026681,2761004b-173b-4c68-b8c8-e99fe1fcabd4,e5564605-a162-4973-b880-2fa2245b8a54,3,9dcefb0b-f81d-400a-90bc-514b64341425,2026-03-29T14:17:14.84181+00:00,active
4e3ffdd3-9cbe-42a3-933e-6fb7c7c3c9ba,db60c7ab-deb7-4ba8-b678-e8f25485e1e8,07cfbc31-606f-4838-ba17-578e0720215d,1,3b88eb10-8515-40d0-8108-a94529c534cd,2026-03-29T14:17:14.84181+00:00,active
9d4ff8ac-31d0-486a-a35f-d299acf2df81,6a5c3f79-dc80-4b86-a744-681088338cf8,4d134271-956f-42fd-95ea-0a6b725123e6,2,19b44c8b-f73c-464f-a197-236cf91f225b,2026-03-29T14:17:14.84181+00:00,active
ab9c83ac-49d4-4a78-9c14-e8e2839840a6,6a5c3f79-dc80-4b86-a744-681088338cf8,707a8d7f-48c8-4aa2-ba77-a822a334b283,1,4d134271-956f-42fd-95ea-0a6b725123e6,2026-03-29T14:17:14.84181+00:00,active
6cfd5731-c28e-49b9-8884-6f357d497274,4b495cdd-e2b8-4cfd-895b-07b474475d94,117030b2-c7c3-4bab-ac1d-2b3b81b2b9d1,3,6edb8092-3291-45fa-8651-a88b460512ad,2026-03-29T14:17:14.84181+00:00,active
a38c259c-1368-4649-b090-ab77d4200afb,91d6513f-dd27-45e2-8f9c-1b137730b9e1,cdac881a-cdc3-4941-999f-3c275ce26530,2,cdac881a-cdc3-4941-999f-3c275ce26530,2026-09-20T12:02:47.341153+00:00,active
764dadb7-3d8f-4e22-a979-71914c1ff050,be0a41a7-ec45-496f-8f23-d2033c53e1a2,ee5ab7c6-0546-4277-8d04-5e6b48ea52a3,2,06ccd75a-85fb-49da-b531-5ea45a09645f,2026-03-29T14:17:14.84181+00:00,active
cdaa0da3-6584-4eb6-9aa3-0152e656a37b,2761004b-173b-4c68-b8c8-e99fe1fcabd4,9dcefb0b-f81d-400a-90bc-514b64341425,1,ce23d191-feba-4728-82f1-dc3429b95532,2026-03-29T14:17:14.84181+00:00,active
74b62681-b0fa-45c7-9347-eb99a0a655de,df54cb60-0b8e-4a38-adc6-64ba89338295,c9c44f56-2b25-4444-be7a-60dcb33140b2,3,0a22a191-8264-4398-8468-2e96074d3366,2026-03-29T14:17:14.84181+00:00,active
dccc889e-6442-4ee0-987f-b3cbca06bc77,259db575-3247-48af-a1aa-c37fe7c9f5ee,44447724-0d2c-4601-b0c6-e53714d03f63,2,bd565cdc-2b20-4ee1-8358-1c3f10ec8acf,2026-03-29T14:17:14.84181+00:00,active
45d409ac-c42e-4484-a502-5351c85db4c8,df54cb60-0b8e-4a38-adc6-64ba89338295,0a22a191-8264-4398-8468-2e96074d3366,1,f88170d0-1f22-42fc-b06f-f43ce3d2c8ff,2026-03-29T14:17:14.84181+00:00,active
330a131c-4f9b-4168-b722-b4c7fa4cfa4e,9e08d8fc-b9b3-4125-954d-0945bf093b1c,7cb8f5cb-1d66-4a8b-a52e-3c0ab48ff137,1,2e22731c-34b3-4726-937a-18e90d4213a7,2026-03-29T14:17:14.84181+00:00,active
58b02e37-b8ca-4bd9-b251-61ed72b659a7,9e08d8fc-b9b3-4125-954d-0945bf093b1c,2e22731c-34b3-4726-937a-18e90d4213a7,2,9d71aa32-e0cc-4394-b494-f2cca4e7d382,2026-03-29T14:17:14.84181+00:00,active
0a86b959-cca0-40f3-8838-01897f745769,be0a41a7-ec45-496f-8f23-d2033c53e1a2,06ccd75a-85fb-49da-b531-5ea45a09645f,3,78fb4ed0-ba6c-4b98-a34b-bb8fa7f01091,2026-03-29T14:17:14.84181+00:00,active
60daff48-c7bb-4986-935c-4a40455de470,259db575-3247-48af-a1aa-c37fe7c9f5ee,bd565cdc-2b20-4ee1-8358-1c3f10ec8acf,1,44447724-0d2c-4601-b0c6-e53714d03f63,2026-03-29T14:17:14.84181+00:00,active
92fc53a9-4b3d-40e7-b204-ab0aa42f2eae,9e08d8fc-b9b3-4125-954d-0945bf093b1c,9d71aa32-e0cc-4394-b494-f2cca4e7d382,3,7cb8f5cb-1d66-4a8b-a52e-3c0ab48ff137,2026-03-29T14:17:14.84181+00:00,active
5cb9cde4-bdd5-4af7-9dce-2533cb34471f,c460e0de-b986-4ef8-9ad2-fe7c163c4cce,0d19a809-374b-46bc-ac56-5d1417af6bbf,2,e1cc61b9-4c31-4d8e-8bee-b567ce5cca28,2026-03-30T16:35:23.145721+00:00,active
6f589f95-0c02-4fad-a597-5d731eb39e50,b4341ceb-461c-4196-bfe7-6e06232bddd1,117030b2-c7c3-4bab-ac1d-2b3b81b2b9d1,1,19b44c8b-f73c-464f-a197-236cf91f225b,2026-03-30T16:35:23.145721+00:00,active
3c7aa3e0-68b0-468b-b8f8-ce364a4cf992,09856454-32dd-4ef6-9366-41294797557d,639dca59-1a8d-409a-82c6-584dbb5f34e9,3,5d110f0c-2f85-4f21-bfea-d8a96880f0f4,2026-03-30T16:35:23.145721+00:00,active
6f0bf84b-17a1-4910-ad8f-68375c0e5e35,5222bcc9-bca0-4e05-9124-bf380770c4c7,9dcefb0b-f81d-400a-90bc-514b64341425,3,4d134271-956f-42fd-95ea-0a6b725123e6,2026-03-30T16:35:23.145721+00:00,active
ef668ccf-65f3-4a43-b70d-44bbe69561b5,a8d3197e-83a4-4c19-83f5-ab9910c1f421,b0f8374f-c18d-481e-852b-dfa6aa011ac8,1,47b6392b-6476-4a2b-897e-2347b126ab86,2026-03-30T16:35:23.145721+00:00,active
385fe551-dab8-485a-af0f-ee38707d195b,c460e0de-b986-4ef8-9ad2-fe7c163c4cce,3b88eb10-8515-40d0-8108-a94529c534cd,1,0d19a809-374b-46bc-ac56-5d1417af6bbf,2026-03-30T16:35:23.145721+00:00,active
463a54bd-d848-4ab2-9933-9dfca9753bef,91ef3498-c436-43be-a5b7-9c1972f4753e,098132e4-eb31-43dd-b487-8f6aea7501e6,2,e0adbbeb-e7b5-42d4-9ba3-1d70c15bc9f5,2026-03-30T16:35:23.145721+00:00,active
7d945c3d-ef36-40c8-916c-e5f238ab00a1,91ef3498-c436-43be-a5b7-9c1972f4753e,e0adbbeb-e7b5-42d4-9ba3-1d70c15bc9f5,1,098132e4-eb31-43dd-b487-8f6aea7501e6,2026-03-30T16:35:23.145721+00:00,active
684cb237-0a22-4329-a473-e4d587fa93cb,0e32280a-7ca4-4fc4-81f5-377c53a4efa8,f88170d0-1f22-42fc-b06f-f43ce3d2c8ff,3,c9c44f56-2b25-4444-be7a-60dcb33140b2,2026-03-30T16:35:23.145721+00:00,active
0c451c12-b026-4b19-b47a-2fd459067c3e,302d6216-2883-46e0-aafd-1989a3a1a795,0a22a191-8264-4398-8468-2e96074d3366,2,ce23d191-feba-4728-82f1-dc3429b95532,2026-03-30T16:35:23.145721+00:00,active
af5533ac-294f-49bb-919e-87fd6f127ce8,eca2330d-d778-4656-bc49-0259efc531a6,2cc9e7cd-f36e-4f27-ac2e-6959eecef670,1,21380286-b867-4919-83b5-08eaac386dfe,2026-03-30T16:35:23.145721+00:00,active
e959f666-ca23-41fe-864d-890d86273939,a8d3197e-83a4-4c19-83f5-ab9910c1f421,47b6392b-6476-4a2b-897e-2347b126ab86,2,07cfbc31-606f-4838-ba17-578e0720215d,2026-03-30T16:35:23.145721+00:00,active
57efe041-cba9-4051-a4e5-5361852a3562,0e32280a-7ca4-4fc4-81f5-377c53a4efa8,c9c44f56-2b25-4444-be7a-60dcb33140b2,1,9d71aa32-e0cc-4394-b494-f2cca4e7d382,2026-03-30T16:35:23.145721+00:00,active
188cd4dd-4a1d-4a40-af7f-580dc49bc9c8,c460e0de-b986-4ef8-9ad2-fe7c163c4cce,e1cc61b9-4c31-4d8e-8bee-b567ce5cca28,3,3b88eb10-8515-40d0-8108-a94529c534cd,2026-03-30T16:35:23.145721+00:00,active
8a0076cf-373d-4197-baa3-2779121a74cc,f7cabf5f-c310-4987-b01e-e13b35391b77,e5564605-a162-4973-b880-2fa2245b8a54,3,ee5ab7c6-0546-4277-8d04-5e6b48ea52a3,2026-03-30T16:35:23.145721+00:00,active
9df72999-0104-458e-8e6f-d89f324c1813,eca2330d-d778-4656-bc49-0259efc531a6,21380286-b867-4919-83b5-08eaac386dfe,2,2cc9e7cd-f36e-4f27-ac2e-6959eecef670,2026-03-30T16:35:23.145721+00:00,active
88166868-6be0-4d4c-9f17-e4b44912af43,a8d3197e-83a4-4c19-83f5-ab9910c1f421,07cfbc31-606f-4838-ba17-578e0720215d,3,b0f8374f-c18d-481e-852b-dfa6aa011ac8,2026-03-30T16:35:23.145721+00:00,active
56c5bcab-a30c-4766-acb2-3dd10cec1551,0e32280a-7ca4-4fc4-81f5-377c53a4efa8,9d71aa32-e0cc-4394-b494-f2cca4e7d382,2,f88170d0-1f22-42fc-b06f-f43ce3d2c8ff,2026-03-30T16:35:23.145721+00:00,active
1234be19-267f-403a-91fb-7a507c49ff27,ff82293d-2a72-4658-9429-b78fa8875278,7cb8f5cb-1d66-4a8b-a52e-3c0ab48ff137,2,06ccd75a-85fb-49da-b531-5ea45a09645f,2026-03-30T16:35:23.145721+00:00,active
350fa747-ebf1-42d6-a940-2f4c51d77458,ff82293d-2a72-4658-9429-b78fa8875278,06ccd75a-85fb-49da-b531-5ea45a09645f,3,78fb4ed0-ba6c-4b98-a34b-bb8fa7f01091,2026-03-30T16:35:23.145721+00:00,active
1d0af371-5854-45ec-bb63-28986a7595af,0fd090c2-a41d-48a1-83f6-62a08d963dac,db214db6-5b8c-432b-a14b-322a17f0f720,1,885a2ebf-a33e-44a1-a5dd-ef1922c7778b,2026-03-30T16:35:23.145721+00:00,active
eb6437fe-0781-4c34-b57a-299335b77f45,41c2590e-ea22-44bf-b862-6b8068962a10,19b44c8b-f73c-464f-a197-236cf91f225b,4,5d110f0c-2f85-4f21-bfea-d8a96880f0f4,2026-05-15T08:45:08.071615+00:00,active
405fea43-f859-4b7e-af47-faef1492a8a0,f7cabf5f-c310-4987-b01e-e13b35391b77,ee5ab7c6-0546-4277-8d04-5e6b48ea52a3,1,2e22731c-34b3-4726-937a-18e90d4213a7,2026-03-30T16:35:23.145721+00:00,active
dd941e90-75af-4f6e-af1c-b9cbf131c542,b4341ceb-461c-4196-bfe7-6e06232bddd1,7c4671ff-76ee-4a70-b912-6aa7354774ee,3,117030b2-c7c3-4bab-ac1d-2b3b81b2b9d1,2026-03-30T16:35:23.145721+00:00,active
78e5fa56-9d4d-4681-82cc-beddb3bd0e28,0fd090c2-a41d-48a1-83f6-62a08d963dac,885a2ebf-a33e-44a1-a5dd-ef1922c7778b,2,d3d57160-318c-4c35-bb5c-de5a5f07d0e7,2026-03-30T16:35:23.145721+00:00,active
3df5427a-1e0b-443a-b17c-1127f7563086,09856454-32dd-4ef6-9366-41294797557d,c3364e8d-93bc-472c-a6ff-b4f68265a4d5,2,639dca59-1a8d-409a-82c6-584dbb5f34e9,2026-03-30T16:35:23.145721+00:00,active
eb523e58-6c6d-4eeb-8184-835119a6e5c6,302d6216-2883-46e0-aafd-1989a3a1a795,6edb8092-3291-45fa-8651-a88b460512ad,1,0a22a191-8264-4398-8468-2e96074d3366,2026-03-30T16:35:23.145721+00:00,active
de5e5840-b95b-4667-b351-ea45efb054cf,5222bcc9-bca0-4e05-9124-bf380770c4c7,4d134271-956f-42fd-95ea-0a6b725123e6,1,707a8d7f-48c8-4aa2-ba77-a822a334b283,2026-03-30T16:35:23.145721+00:00,active
438c708b-bf7c-4870-bacd-fa5890228465,0fd090c2-a41d-48a1-83f6-62a08d963dac,d3d57160-318c-4c35-bb5c-de5a5f07d0e7,3,db214db6-5b8c-432b-a14b-322a17f0f720,2026-03-30T16:35:23.145721+00:00,active
ac64ea86-8392-4621-b2a9-0f52e7df3ead,91d6513f-dd27-45e2-8f9c-1b137730b9e1,791e108b-1db5-47f0-9f11-726d9b44e263,3,791e108b-1db5-47f0-9f11-726d9b44e263,2026-09-20T12:02:47.341153+00:00,active
fea9e221-fbf5-4872-9cfb-a2784b4cccd6,e3778593-089a-4b46-9ca2-7e1509ef2529,38dd0017-f17b-4eaa-8925-4b5f0071e180,1,38dd0017-f17b-4eaa-8925-4b5f0071e180,2026-09-20T12:02:47.341153+00:00,active
47152402-0501-445b-9a1e-d60ec2ed3023,e3778593-089a-4b46-9ca2-7e1509ef2529,46fdab66-f422-4168-83fc-70e67f137b2d,2,46fdab66-f422-4168-83fc-70e67f137b2d,2026-09-20T12:02:47.341153+00:00,active
e86ba3a0-1045-4228-96eb-7d951cdbc342,f210512f-511b-40a7-8f50-0c843a47880d,098132e4-eb31-43dd-b487-8f6aea7501e6,1,e0adbbeb-e7b5-42d4-9ba3-1d70c15bc9f5,2026-03-29T14:17:14.84181+00:00,active
77cf911d-f446-47a8-bd8c-ce4a15e7a095,f210512f-511b-40a7-8f50-0c843a47880d,d3d57160-318c-4c35-bb5c-de5a5f07d0e7,3,098132e4-eb31-43dd-b487-8f6aea7501e6,2026-03-29T14:17:14.84181+00:00,active
c3b99646-a38e-4e02-b952-d932f21fb303,f210512f-511b-40a7-8f50-0c843a47880d,e0adbbeb-e7b5-42d4-9ba3-1d70c15bc9f5,2,d3d57160-318c-4c35-bb5c-de5a5f07d0e7,2026-03-29T14:17:14.84181+00:00,active
ca6efeab-450a-4d79-96e2-7e3cf0274639,2b2beac4-ccf9-4c7c-b9d8-da3ea5de2879,db214db6-5b8c-432b-a14b-322a17f0f720,2,2cc9e7cd-f36e-4f27-ac2e-6959eecef670,2026-03-29T14:17:14.84181+00:00,active
cc2b2304-08ab-4109-aacb-6931c261a3bf,2b2beac4-ccf9-4c7c-b9d8-da3ea5de2879,2cc9e7cd-f36e-4f27-ac2e-6959eecef670,1,db214db6-5b8c-432b-a14b-322a17f0f720,2026-03-29T14:17:14.84181+00:00,active
08dc1de9-711b-45c3-b619-8c821be6d7a8,dcf05598-00a4-4a23-9545-666999321c7c,21380286-b867-4919-83b5-08eaac386dfe,2,885a2ebf-a33e-44a1-a5dd-ef1922c7778b,2026-03-29T14:17:14.84181+00:00,active
1e99ec1c-8d18-4500-8a8f-f012ad71373f,dcf05598-00a4-4a23-9545-666999321c7c,885a2ebf-a33e-44a1-a5dd-ef1922c7778b,1,21380286-b867-4919-83b5-08eaac386dfe,2026-03-29T14:17:14.84181+00:00,active
acea510d-665b-4807-84d0-eee5dbaf9b70,e3778593-089a-4b46-9ca2-7e1509ef2529,becafb16-662c-4276-bb91-a5b09034bec9,3,becafb16-662c-4276-bb91-a5b09034bec9,2026-09-20T12:02:47.341153+00:00,active
67cd77e6-d036-4504-99df-97c965cef8e2,d3c0c3bf-896b-4ff3-a540-b961bdd8f494,c3cb6397-8992-401a-9004-9163f7293552,1,c3cb6397-8992-401a-9004-9163f7293552,2026-09-20T12:02:47.341153+00:00,active
380aea5d-7bae-4ddc-840d-12ed34bf225e,d3c0c3bf-896b-4ff3-a540-b961bdd8f494,c6d0a88a-d1a1-4c78-bb77-80bd01811f05,2,c6d0a88a-d1a1-4c78-bb77-80bd01811f05,2026-09-20T12:02:47.341153+00:00,active
edea8020-86f6-488e-a351-aaf749232ef3,d3c0c3bf-896b-4ff3-a540-b961bdd8f494,fc1692e2-68d1-48f2-bc0a-5b97c551895f,3,fc1692e2-68d1-48f2-bc0a-5b97c551895f,2026-09-20T12:02:47.341153+00:00,active
ef20cf60-618d-4e2c-9656-ddf3c7922653,5322fc27-7785-4252-ba7a-76e9721760de,b71c36cf-c0f2-444f-bc6c-72627fb0888b,1,b71c36cf-c0f2-444f-bc6c-72627fb0888b,2026-09-20T12:02:47.341153+00:00,active
4d245774-ed98-4edd-88f3-b04803d7aa5f,5322fc27-7785-4252-ba7a-76e9721760de,9f598abc-49d9-4080-9cd4-ebd4e9e3ab7d,2,9f598abc-49d9-4080-9cd4-ebd4e9e3ab7d,2026-09-20T12:02:47.341153+00:00,active
49cc5b53-0428-4421-86ed-f7dcc18fb821,5322fc27-7785-4252-ba7a-76e9721760de,c9f1b969-7f59-4b60-bb15-bb1293505bec,3,c9f1b969-7f59-4b60-bb15-bb1293505bec,2026-09-20T12:02:47.341153+00:00,active
c54ce9de-470a-4359-b628-7325ca571a77,c9c7738a-870f-4fdf-b174-fb861836e18b,0c6cd42c-985e-4d23-be55-5e8d8ef173d2,1,0c6cd42c-985e-4d23-be55-5e8d8ef173d2,2026-09-20T12:02:47.341153+00:00,active
1dc23d3b-ad4c-4ba9-a231-e3411c6e71b4,c9c7738a-870f-4fdf-b174-fb861836e18b,337b6c71-7714-4f92-b0d9-595724dec0f8,2,337b6c71-7714-4f92-b0d9-595724dec0f8,2026-09-20T12:02:47.341153+00:00,active
46216d95-19ee-40f5-840f-aa3ede5c6b2d,c9c7738a-870f-4fdf-b174-fb861836e18b,ad9f8354-0689-4d7d-b8b3-df5c485cc892,3,ad9f8354-0689-4d7d-b8b3-df5c485cc892,2026-09-20T12:02:47.341153+00:00,active
89f5283f-c1a2-4161-9899-c00a82a3946f,f20798fe-d330-489c-a88d-89c3ebe94334,05246053-44ff-4ddc-9119-619c0fe7675e,2,05246053-44ff-4ddc-9119-619c0fe7675e,2026-09-20T12:02:47.341153+00:00,active
4be62e2e-e57a-44bd-ac03-53d804e9c307,7a0d9dd1-521f-444d-8e71-13449e3516c5,62fe0887-6e98-4ea4-a4d1-3489529b802d,1,62fe0887-6e98-4ea4-a4d1-3489529b802d,2026-09-20T12:02:47.341153+00:00,active
1aca177d-3125-4c88-b391-a9fe93747076,97c71237-5984-424a-b46e-7ce386574224,a9ce82ed-4713-419e-a325-98581c179c7a,1,a9ce82ed-4713-419e-a325-98581c179c7a,2026-09-20T12:02:47.341153+00:00,active
b5519dd7-51c6-43e4-b73d-0fb77ad7a798,97c71237-5984-424a-b46e-7ce386574224,5a59d344-5329-4443-8d6e-6a3950ea6610,2,5a59d344-5329-4443-8d6e-6a3950ea6610,2026-09-20T12:02:47.341153+00:00,active
4b9d8171-1c7a-4b7a-929c-7679c50183be,7a0d9dd1-521f-444d-8e71-13449e3516c5,9eae9c23-f97d-4974-b2f6-be32ccdce48f,2,9eae9c23-f97d-4974-b2f6-be32ccdce48f,2026-09-20T12:02:47.341153+00:00,active
a90f8ea3-6a22-46de-ae69-17d36b4e46ad,e27b7943-d629-4ff1-9d1b-ee3e7ed567ed,fdd25cd4-90fe-4002-b08b-95ff807080ba,1,bd565cdc-2b20-4ee1-8358-1c3f10ec8acf,2026-03-30T16:35:23.145721+00:00,active
1b6fe26c-978d-454e-bb40-709b8f551f51,5222bcc9-bca0-4e05-9124-bf380770c4c7,707a8d7f-48c8-4aa2-ba77-a822a334b283,2,9dcefb0b-f81d-400a-90bc-514b64341425,2026-03-30T16:35:23.145721+00:00,active
7a181d07-22cc-4a4a-b0f0-b3e76188c887,302d6216-2883-46e0-aafd-1989a3a1a795,ce23d191-feba-4728-82f1-dc3429b95532,3,6edb8092-3291-45fa-8651-a88b460512ad,2026-03-30T16:35:23.145721+00:00,active
c10fca3b-9723-47ce-957b-bdff8cce846b,f7cabf5f-c310-4987-b01e-e13b35391b77,2e22731c-34b3-4726-937a-18e90d4213a7,2,e5564605-a162-4973-b880-2fa2245b8a54,2026-03-30T16:35:23.145721+00:00,active
b21dc712-35bc-4b5b-83d8-30dd8d836e2c,1b36fc76-9f3a-46c7-a71e-fd17cfcab717,2e22731c-34b3-4726-937a-18e90d4213a7,2,c0fb8d2a-417b-4d68-918c-fc6d0b9b032c,2026-03-31T15:14:05.556504+00:00,active
6169c63b-9340-4a25-baf0-743987ca7483,1b36fc76-9f3a-46c7-a71e-fd17cfcab717,7cb8f5cb-1d66-4a8b-a52e-3c0ab48ff137,1,2e22731c-34b3-4726-937a-18e90d4213a7,2026-03-31T15:14:05.556504+00:00,active
e3908b18-c596-4215-886a-87c1b3c890d4,80c38750-5604-4ecd-a445-c4b0109ba467,9dcefb0b-f81d-400a-90bc-514b64341425,3,4d134271-956f-42fd-95ea-0a6b725123e6,2026-03-31T15:14:05.556504+00:00,active
d79b87c5-98d6-4d21-8ae0-c4b11e597dd2,651ef15a-7854-45bf-86bc-2a269f99583b,e5564605-a162-4973-b880-2fa2245b8a54,2,fdd25cd4-90fe-4002-b08b-95ff807080ba,2026-03-31T15:14:05.556504+00:00,active
f55ea9a9-90b4-4914-b3cd-b58ea8913046,3e073029-7f46-4a01-9563-28f4d7280139,b0f8374f-c18d-481e-852b-dfa6aa011ac8,1,e1cc61b9-4c31-4d8e-8bee-b567ce5cca28,2026-03-31T15:14:05.556504+00:00,active
2c0bad89-be49-4876-8865-4bab9eb9c1e3,3e073029-7f46-4a01-9563-28f4d7280139,e1cc61b9-4c31-4d8e-8bee-b567ce5cca28,2,639dca59-1a8d-409a-82c6-584dbb5f34e9,2026-03-31T15:14:05.556504+00:00,active
15a7f852-17a3-4742-866a-f5b114154614,ebcdc585-c820-4a9b-bdc3-426fa2a1e417,0d19a809-374b-46bc-ac56-5d1417af6bbf,3,3b88eb10-8515-40d0-8108-a94529c534cd,2026-03-31T15:14:05.556504+00:00,active
9b849f51-2477-48fa-a83d-0fff7cedf73d,86bdae5f-1d38-4b81-8429-ada3da337b50,06ccd75a-85fb-49da-b531-5ea45a09645f,1,44447724-0d2c-4601-b0c6-e53714d03f63,2026-03-31T15:14:05.556504+00:00,active
8568160a-8c4f-40f6-856b-710b9753c1c8,aa486c04-a034-4203-b238-fa30502de446,117030b2-c7c3-4bab-ac1d-2b3b81b2b9d1,2,6edb8092-3291-45fa-8651-a88b460512ad,2026-03-31T15:14:05.556504+00:00,active
9bf84b46-649d-4610-bf93-f0006a1931ac,80c38750-5604-4ecd-a445-c4b0109ba467,707a8d7f-48c8-4aa2-ba77-a822a334b283,2,9dcefb0b-f81d-400a-90bc-514b64341425,2026-03-31T15:14:05.556504+00:00,active
2cd7f468-ada0-4070-9cf0-aa7e8bc8750a,1f8b1cc7-d326-4d92-999d-dbb20d593190,0a22a191-8264-4398-8468-2e96074d3366,1,ce23d191-feba-4728-82f1-dc3429b95532,2026-03-31T15:14:05.556504+00:00,active
5cdbe9a2-8c6f-44e3-af30-00d49ffd2d50,651ef15a-7854-45bf-86bc-2a269f99583b,9d71aa32-e0cc-4394-b494-f2cca4e7d382,1,e5564605-a162-4973-b880-2fa2245b8a54,2026-03-31T15:14:05.556504+00:00,active
ffab47bd-4a13-4802-8734-218361d9bc72,b1a1cd7c-ed59-4822-9326-4c2943d31bac,07cfbc31-606f-4838-ba17-578e0720215d,2,c3364e8d-93bc-472c-a6ff-b4f68265a4d5,2026-03-31T15:14:05.556504+00:00,active
0d1e5bba-5de4-4767-bcdf-00fb4804e41f,b1a1cd7c-ed59-4822-9326-4c2943d31bac,7c4671ff-76ee-4a70-b912-6aa7354774ee,1,07cfbc31-606f-4838-ba17-578e0720215d,2026-03-31T15:14:05.556504+00:00,active
14571508-a035-4ed7-9199-9dfc1e4f48a7,aa486c04-a034-4203-b238-fa30502de446,6edb8092-3291-45fa-8651-a88b460512ad,3,19b44c8b-f73c-464f-a197-236cf91f225b,2026-03-31T15:14:05.556504+00:00,active
97860076-7e5d-43f6-926e-589edb00035a,ebcdc585-c820-4a9b-bdc3-426fa2a1e417,47b6392b-6476-4a2b-897e-2347b126ab86,2,0d19a809-374b-46bc-ac56-5d1417af6bbf,2026-03-31T15:14:05.556504+00:00,active
aa9290a4-aa25-4ca9-8973-ff35e135bd5c,ebcdc585-c820-4a9b-bdc3-426fa2a1e417,3b88eb10-8515-40d0-8108-a94529c534cd,1,47b6392b-6476-4a2b-897e-2347b126ab86,2026-03-31T15:14:05.556504+00:00,active
fa7513dd-fd1d-483a-8ab1-182824bee7a0,27766ec5-cc35-4f14-9dae-0b160a2b5399,f88170d0-1f22-42fc-b06f-f43ce3d2c8ff,2,c9c44f56-2b25-4444-be7a-60dcb33140b2,2026-03-31T15:14:05.556504+00:00,active
d1adf542-9370-4872-9598-9a6f4bc41e7e,1f8b1cc7-d326-4d92-999d-dbb20d593190,ce23d191-feba-4728-82f1-dc3429b95532,2,5d110f0c-2f85-4f21-bfea-d8a96880f0f4,2026-03-31T15:14:05.556504+00:00,active
d0dc156d-78f3-47c3-ba01-eaa739ddc71e,80c38750-5604-4ecd-a445-c4b0109ba467,4d134271-956f-42fd-95ea-0a6b725123e6,1,707a8d7f-48c8-4aa2-ba77-a822a334b283,2026-03-31T15:14:05.556504+00:00,active
ef60d0f5-23e4-4b29-95cf-2286a0f2ad8a,27766ec5-cc35-4f14-9dae-0b160a2b5399,c9c44f56-2b25-4444-be7a-60dcb33140b2,3,ee5ab7c6-0546-4277-8d04-5e6b48ea52a3,2026-03-31T15:14:05.556504+00:00,active
f0286e9a-b867-480a-a1a7-ca7078a5d8b7,27766ec5-cc35-4f14-9dae-0b160a2b5399,ee5ab7c6-0546-4277-8d04-5e6b48ea52a3,1,f88170d0-1f22-42fc-b06f-f43ce3d2c8ff,2026-03-31T15:14:05.556504+00:00,active
c36f34eb-7786-43c0-bf4c-d751e120b2b8,b4341ceb-461c-4196-bfe7-6e06232bddd1,19b44c8b-f73c-464f-a197-236cf91f225b,2,5d110f0c-2f85-4f21-bfea-d8a96880f0f4,2026-03-30T16:35:23.145721+00:00,active
111840c1-c009-472d-9b9d-4ce5bfbadf76,aa486c04-a034-4203-b238-fa30502de446,19b44c8b-f73c-464f-a197-236cf91f225b,1,5d110f0c-2f85-4f21-bfea-d8a96880f0f4,2026-03-31T15:14:05.556504+00:00,active
c1c85ed1-ef7f-4392-ad4a-32d38c63375d,d6d08c6b-00e4-464d-9a8d-779635d470c8,78fb4ed0-ba6c-4b98-a34b-bb8fa7f01091,1,19b44c8b-f73c-464f-a197-236cf91f225b,2026-03-31T15:14:05.556504+00:00,active
4de487f3-1f12-4580-b045-74549d2eca85,39aa2669-8d9b-442b-bfc3-081b8e34fc81,16bbde86-be42-4588-bf60-d2798fec823b,1,16bbde86-be42-4588-bf60-d2798fec823b,2026-09-22T19:33:38.087708+00:00,active
8c371a7b-c0b0-47bc-9261-9372a87b59d0,39aa2669-8d9b-442b-bfc3-081b8e34fc81,14e39112-6ce6-4eaf-9b97-097f758789f4,2,14e39112-6ce6-4eaf-9b97-097f758789f4,2026-09-22T19:33:38.087708+00:00,active
983785bb-8935-4fa9-b047-b90497983cac,39aa2669-8d9b-442b-bfc3-081b8e34fc81,39ace5a0-881a-4178-aa2b-2fd274ebc40a,3,39ace5a0-881a-4178-aa2b-2fd274ebc40a,2026-09-22T19:33:38.087708+00:00,active
ad1b740d-b771-440e-9cf4-6e2d4534e04d,64bbfdd8-8f6d-4b39-b7dc-86180720c15d,10f1afa0-aa58-4b13-8d05-4e0b8e462e5f,1,10f1afa0-aa58-4b13-8d05-4e0b8e462e5f,2026-09-22T19:33:38.087708+00:00,active
5e485f48-3535-4511-b195-e4df8f2c7a58,64bbfdd8-8f6d-4b39-b7dc-86180720c15d,e8a390b9-2b41-4f46-a50a-185e532c5ecd,2,e8a390b9-2b41-4f46-a50a-185e532c5ecd,2026-09-22T19:33:38.087708+00:00,active
10410f2a-f699-4f81-b792-d965c3062a32,64bbfdd8-8f6d-4b39-b7dc-86180720c15d,de28cd8e-9d77-4157-807a-369c938090ab,3,de28cd8e-9d77-4157-807a-369c938090ab,2026-09-22T19:33:38.087708+00:00,active
837283ae-2f69-44b0-8256-4f99309a4eda,6e032aa3-7636-42a8-a294-fc9052bd7083,84a783cc-96d7-494c-9413-5c6075d22010,1,84a783cc-96d7-494c-9413-5c6075d22010,2026-09-22T19:33:38.087708+00:00,active
f31126df-4bea-46cc-93cf-d7b2adfabaeb,6e032aa3-7636-42a8-a294-fc9052bd7083,0b2be1cc-3241-4cfe-9af6-0b92a5582cec,2,0b2be1cc-3241-4cfe-9af6-0b92a5582cec,2026-09-22T19:33:38.087708+00:00,active
ad91bda3-88ad-4e02-b5b4-5837d24e6e8e,6e032aa3-7636-42a8-a294-fc9052bd7083,fbc1c0c4-2815-4bdb-af5b-c0a7c4ebf642,3,fbc1c0c4-2815-4bdb-af5b-c0a7c4ebf642,2026-09-22T19:33:38.087708+00:00,active
8b6ceb0b-4baf-4fef-a554-31844d1b3ab1,8c62bcbf-7480-4802-ae8b-d01d36671bc2,9fab0351-ea45-4762-a3b9-4d61ef1d99b9,1,9fab0351-ea45-4762-a3b9-4d61ef1d99b9,2026-09-22T19:33:38.087708+00:00,active
cd2eb1df-e3a3-48c9-84d6-b198198c6cc3,8c62bcbf-7480-4802-ae8b-d01d36671bc2,79fae2cb-e948-49a9-aa44-6bb1d4ea602b,2,79fae2cb-e948-49a9-aa44-6bb1d4ea602b,2026-09-22T19:33:38.087708+00:00,active
cdb7a0bf-1b70-4c08-9278-7afc903fd1f3,8c62bcbf-7480-4802-ae8b-d01d36671bc2,6c31fd00-3f0e-406d-8145-ddca8aad7a11,3,6c31fd00-3f0e-406d-8145-ddca8aad7a11,2026-09-22T19:33:38.087708+00:00,active
b32a0761-3cfc-4b53-a127-91839748e689,84f9fb19-1b45-47ec-ba76-d5334d5c7ab3,eed4f2ad-d027-443d-9d78-a70e0a3b93a7,1,eed4f2ad-d027-443d-9d78-a70e0a3b93a7,2026-09-22T19:33:38.087708+00:00,active
37a25137-aef5-40aa-b8a5-a648ce7426c3,84f9fb19-1b45-47ec-ba76-d5334d5c7ab3,759b9908-b1f9-40b9-aa6e-6f899daf7bf0,2,759b9908-b1f9-40b9-aa6e-6f899daf7bf0,2026-09-22T19:33:38.087708+00:00,active
34fc73ac-1ef7-4531-99e2-a7a878ab9407,84f9fb19-1b45-47ec-ba76-d5334d5c7ab3,08d26a81-b59d-4162-ad72-b07ee5d75c64,3,08d26a81-b59d-4162-ad72-b07ee5d75c64,2026-09-22T19:33:38.087708+00:00,active
26af312f-3399-4eb3-856e-b653a5969dc7,534a109e-33c4-4ab4-9ae8-4d1e82305f03,abd869dc-4fb4-4281-ad1f-d5945e769254,1,abd869dc-4fb4-4281-ad1f-d5945e769254,2026-09-22T19:33:38.087708+00:00,active
e1f4abe3-fe4d-4fe7-bc68-289fef657bf6,534a109e-33c4-4ab4-9ae8-4d1e82305f03,b8d0b9c8-feab-494a-b904-713a3ef84e28,2,b8d0b9c8-feab-494a-b904-713a3ef84e28,2026-09-22T19:33:38.087708+00:00,active
28442784-5db9-487e-86d5-ef62d1c99384,86bdae5f-1d38-4b81-8429-ada3da337b50,44447724-0d2c-4601-b0c6-e53714d03f63,2,06ccd75a-85fb-49da-b531-5ea45a09645f,2026-03-31T15:14:05.556504+00:00,active
0c733257-ccf9-4ee6-8dc1-819b64c23eea,d6d08c6b-00e4-464d-9a8d-779635d470c8,bd565cdc-2b20-4ee1-8358-1c3f10ec8acf,2,78fb4ed0-ba6c-4b98-a34b-bb8fa7f01091,2026-03-31T15:14:05.556504+00:00,active
e90d0acf-4c39-4c13-add3-adb0d207010c,a1894410-d734-4bd2-b809-e0040db0ac82,098132e4-eb31-43dd-b487-8f6aea7501e6,3,d3d57160-318c-4c35-bb5c-de5a5f07d0e7,2026-03-31T15:14:05.556504+00:00,active
bb064808-7445-49f8-9209-7bf74deaf099,39793579-af6c-4544-b0d1-b35a844c1fde,885a2ebf-a33e-44a1-a5dd-ef1922c7778b,3,21380286-b867-4919-83b5-08eaac386dfe,2026-03-31T15:14:05.556504+00:00,active
af56c5b3-4a0a-42f0-8345-963de776e778,a1894410-d734-4bd2-b809-e0040db0ac82,e0adbbeb-e7b5-42d4-9ba3-1d70c15bc9f5,2,098132e4-eb31-43dd-b487-8f6aea7501e6,2026-03-31T15:14:05.556504+00:00,active
49f2461f-5341-4020-b9a1-d1972def84a8,a1894410-d734-4bd2-b809-e0040db0ac82,d3d57160-318c-4c35-bb5c-de5a5f07d0e7,1,e0adbbeb-e7b5-42d4-9ba3-1d70c15bc9f5,2026-03-31T15:14:05.556504+00:00,active
d5ced538-3c04-4da1-84e6-0cf0b220e3de,39793579-af6c-4544-b0d1-b35a844c1fde,21380286-b867-4919-83b5-08eaac386dfe,1,db214db6-5b8c-432b-a14b-322a17f0f720,2026-03-31T15:14:05.556504+00:00,active
7cd2ee60-542a-4aac-a0ae-5e4711f4ee37,b1a1cd7c-ed59-4822-9326-4c2943d31bac,c3364e8d-93bc-472c-a6ff-b4f68265a4d5,3,7c4671ff-76ee-4a70-b912-6aa7354774ee,2026-03-31T15:14:05.556504+00:00,active
9314de1e-cc69-46f4-931a-ed9ed2d74dad,39793579-af6c-4544-b0d1-b35a844c1fde,db214db6-5b8c-432b-a14b-322a17f0f720,2,885a2ebf-a33e-44a1-a5dd-ef1922c7778b,2026-03-31T15:14:05.556504+00:00,active
32bcdcd6-3d5c-4f89-9fcf-3d865dedcd17,3e073029-7f46-4a01-9563-28f4d7280139,639dca59-1a8d-409a-82c6-584dbb5f34e9,3,b0f8374f-c18d-481e-852b-dfa6aa011ac8,2026-03-31T15:14:05.556504+00:00,active
fdeb0172-89a2-4763-9035-885e5ffb0b8d,f846dfc2-7225-4af1-a764-76aec810cb10,2cc9e7cd-f36e-4f27-ac2e-6959eecef670,1,2cc9e7cd-f36e-4f27-ac2e-6959eecef670,2026-03-31T15:14:05.556504+00:00,active
613e21fd-f2fe-4a09-ac70-a5b272de69f9,1b36fc76-9f3a-46c7-a71e-fd17cfcab717,c0fb8d2a-417b-4d68-918c-fc6d0b9b032c,3,7cb8f5cb-1d66-4a8b-a52e-3c0ab48ff137,2026-03-31T15:14:05.556504+00:00,active
95a1d241-0a38-47b4-b9e7-327b2aeaa884,651ef15a-7854-45bf-86bc-2a269f99583b,fdd25cd4-90fe-4002-b08b-95ff807080ba,3,9d71aa32-e0cc-4394-b494-f2cca4e7d382,2026-03-31T15:14:05.556504+00:00,active
79e32f7c-e409-4dac-8fe8-cb3a574bbd06,1f8b1cc7-d326-4d92-999d-dbb20d593190,5d110f0c-2f85-4f21-bfea-d8a96880f0f4,3,78fb4ed0-ba6c-4b98-a34b-bb8fa7f01091,2026-03-31T15:14:05.556504+00:00,active
0fd0e7ac-a530-4b45-9e4c-2c79ae6f28f4,534a109e-33c4-4ab4-9ae8-4d1e82305f03,288cb02f-b30e-4cb3-8faf-08f5364d19fc,3,288cb02f-b30e-4cb3-8faf-08f5364d19fc,2026-09-22T19:33:38.087708+00:00,active
56cbcf79-9893-4d75-a7a3-4f524543c098,7dbaed6f-7bd2-4e71-93e1-31f0d767ca07,c374f3e1-3ecb-45dd-a720-996aae83628e,1,c374f3e1-3ecb-45dd-a720-996aae83628e,2026-09-22T19:33:38.087708+00:00,active
486b3374-cd69-4d57-abce-04e062bafa86,7dbaed6f-7bd2-4e71-93e1-31f0d767ca07,96b9b1f2-6aa1-4ce3-8602-db8885855df9,2,96b9b1f2-6aa1-4ce3-8602-db8885855df9,2026-09-22T19:33:38.087708+00:00,active
69bc0a93-53e0-4345-bca0-35b0881fe97f,8dffc6cd-3276-4ee3-bb0d-99a5b9d15653,2c5f4c05-03c1-4d64-960d-4e7b3c33c949,1,2c5f4c05-03c1-4d64-960d-4e7b3c33c949,2026-09-22T19:33:38.087708+00:00,active
1e8cb518-106a-4585-be56-f8354adac522,8dffc6cd-3276-4ee3-bb0d-99a5b9d15653,60d9add6-17ee-430f-a974-1bc5cfa95c84,2,60d9add6-17ee-430f-a974-1bc5cfa95c84,2026-09-22T19:33:38.087708+00:00,active
ce5b0721-3c20-4997-b435-84dfa281377d,8dffc6cd-3276-4ee3-bb0d-99a5b9d15653,b64c96a6-6bd0-461d-9f68-f49865e53db5,3,b64c96a6-6bd0-461d-9f68-f49865e53db5,2026-09-22T19:33:38.087708+00:00,active
274301b3-78da-4596-87c9-5cd929235a53,37788bdf-42a7-4103-b42c-407433e59f38,7db2cb2f-f9ed-41d0-bbd8-502f7a9a2ff3,1,7db2cb2f-f9ed-41d0-bbd8-502f7a9a2ff3,2026-09-22T19:33:38.087708+00:00,active
0e09b5ab-882f-4bde-b545-70c99e849dde,37788bdf-42a7-4103-b42c-407433e59f38,f42128ff-96ff-4c07-8ad5-c344d9767135,3,f42128ff-96ff-4c07-8ad5-c344d9767135,2026-09-22T19:33:38.087708+00:00,active
aa248ebf-718e-498b-aafb-3da0bf49f0f8,913198d6-9bd1-4a7c-bdd3-0cba74f925b2,36381ba5-02d8-474e-a058-58b719674b9a,1,36381ba5-02d8-474e-a058-58b719674b9a,2026-09-22T19:33:38.087708+00:00,active
e7394e5f-e6af-4ffc-bb50-928e46c2884f,913198d6-9bd1-4a7c-bdd3-0cba74f925b2,50dd6e49-1e4a-41ab-82ca-6d15050216b3,2,50dd6e49-1e4a-41ab-82ca-6d15050216b3,2026-09-22T19:33:38.087708+00:00,active
